model,threshold,net_benefit
map_only,0.01,0.041971471969551484
map_only,0.030416666666666668,0.03280706470224663
map_only,0.050833333333333335,0.027082810284595284
map_only,0.07125,0.021665110198224206
map_only,0.09166666666666666,0.022531419419518188
map_only,0.11208333333333333,0.021256535056362512
map_only,0.1325,0.017363568992970556
map_only,0.15291666666666667,0.011078204441389627
map_only,0.17333333333333334,0.006799159939783295
map_only,0.19375,0.00014589781495690803
map_only,0.21416666666666667,-5.2340016223368444e-05
map_only,0.23458333333333334,-5.885883487315921e-05
map_only,0.255,-6.573494895230091e-05
map_only,0.27541666666666664,-7.299856112215904e-05
map_only,0.29583333333333334,-8.068337683796165e-05
map_only,0.31625000000000003,-8.882712731314793e-05
map_only,0.33666666666666667,-9.747218906130421e-05
map_only,0.3570833333333333,-0.0001066663214843272
map_only,0.3775,-0.0001164635496084588
map_only,0.3979166666666667,-0.00012692522642197788
map_only,0.41833333333333333,-0.00013812131894303624
map_only,0.43875,-0.00015013197498826958
map_only,0.45916666666666667,-0.00016304944481812
map_only,0.47958333333333336,-0.00017698045511500425
map_only,0.5,-0.00019204916458613405
gbdt,0.01,0.036367128166628834
gbdt,0.030416666666666668,0.025975743043334693
gbdt,0.050833333333333335,0.018115345166641855
gbdt,0.07125,0.014162010400638338
gbdt,0.09166666666666666,0.011278043142347195
gbdt,0.11208333333333333,0.00966347056362149
gbdt,0.1325,0.00806440454520046
gbdt,0.15291666666666667,0.006226341607002794
gbdt,0.17333333333333334,0.0045348383379693585
gbdt,0.19375,0.0032827008365304304
gbdt,0.21416666666666667,0.0033200270212970914
gbdt,0.23458333333333334,0.003087945658345477
gbdt,0.255,0.0030457193014566085
gbdt,0.27541666666666664,0.002668588851672999
gbdt,0.29583333333333334,0.002453456487227594
gbdt,0.31625000000000003,0.0022828220624114136
gbdt,0.33666666666666667,0.0019687452048025803
gbdt,0.3570833333333333,0.002305336763748785
gbdt,0.3775,0.001773176824833423
gbdt,0.3979166666666667,0.0014978505777755915
gbdt,0.41833333333333333,0.0014087273963911268
gbdt,0.43875,0.0016309208564965019
gbdt,0.45916666666666667,0.0020474393987233606
gbdt,0.47958333333333336,0.0018791295759865046
gbdt,0.5,0.0017284424812752065
