caseid,norepi_ug_min_max,population_mse,personalized_mse,population_rmse,personalized_rmse,delta_V1,delta_V2,delta_V3,delta_ke0,delta_EC50,delta_gamma
17,3.5333334604899087,411.996048752724,257.5017294705252,20.297685797960415,16.046860424099325,0.6491630813482918,0.6471972426631942,0.6050838280127546,-0.65356986155656,0.628178825864237,0.6599232091900256
118,16.833333333333332,275.14590498994875,235.76582624654458,16.587522569387772,15.354667897631149,0.6897164306738084,0.6908975071864235,-0.6637002317900501,-0.6881676869299848,0.013115676928715885,-0.6802119093181201
397,9.333333333333334,172.80354319292942,147.65531268356975,13.145476149342382,12.151350241169487,0.6337833181508588,0.6285651402687664,0.5508259325674859,-0.63517565476533,0.5939783774950269,0.6303232862412517
409,33.333333333333336,538.9099573786444,454.2204643104102,23.21443424636156,21.312448576135267,0.6511517911206727,0.6440024772068713,0.5618274122100342,-0.6922913926142364,0.6180854302102203,0.654617281054103
783,16.666666666666668,211.31989863490517,175.99078017755048,14.536846241014768,13.266151671737756,0.6478976005583772,0.6416078850157242,0.5676427852009495,-0.6374849648430224,0.6040426500579222,0.6355303705717164
853,3.333333333333333,385.59736182761316,280.41848365605443,19.636633159164866,16.745700452834285,-0.5561540321097734,0.6496468320621414,0.5792094694717383,-0.6174420112732054,0.6085489840441277,0.6397280927914567
1160,1.3666666348775227,105.80814818522516,57.50230037766599,10.286308773570097,7.583027124945946,-0.6921179307038506,-0.6929243803346118,-0.23360079267229722,0.6927043949876467,-0.4212778625847653,0.6060586144379306
1165,12.033332824707031,1022.397219967563,326.5691937200991,31.974946754726005,18.07122557327253,0.6831979548614608,0.2622127908191845,-0.6886231667558982,-0.6911951253252278,-0.6862057214327664,0.6818057897413345
1172,6.233333587646484,701.1044359726988,614.3721419040389,26.478376762420666,24.78653146174428,0.650155544531407,0.6318071061170374,0.5670942512081636,-0.6544617627789723,0.5987237732536587,0.6276712746265019
1367,5.0,442.5428568779919,317.80809603504633,21.036702614192937,17.82717296811377,0.6741185237208064,0.6473229273322413,0.5036642464387189,-0.6760694547002343,0.6426176547456838,0.6804270684169036
1652,5.333333333333333,1082.4944305876986,588.5375942319134,32.90128311460966,24.25979377966584,0.6912658303831717,0.6403509383761149,-0.6891378550861244,-0.6922090933404225,-0.6882423449638776,-0.631891122831726
1820,6.599999745686849,264.174204775684,257.4905012245283,16.25343670660713,16.046510562253975,0.6839706123672143,0.6722581003688177,-0.6844858201121048,-0.6874970352601566,0.5909022541842777,-0.5959068924194701
2134,1.6666666666666665,183.82949317476823,154.0833299697392,13.558373544594803,12.413030652090535,0.6947765453747412,-0.6917508416111193,-0.6549665978406366,-0.45452984343175284,-0.26345809700525374,0.6208630181558086
2168,1.7333332697550454,184.71466846419872,178.06748414252527,13.590977465370132,13.34419289962961,0.691336210592129,0.690564405937162,-0.666515139244454,-0.6906115212761429,0.5141453578799857,-0.5780796497013321
2738,8.333333333333334,166.20237987365405,163.93910678857438,12.89195019667909,12.803870773659597,0.6891371796897702,0.6965566489687833,-0.6901978776765004,-0.6841717291478935,0.6737504438761965,-0.5937087942207261
3270,12.0,297.020981009671,233.92470267358118,17.2342966496945,15.294597172648293,0.6393846389337214,0.630040390124939,0.5822041452247834,-0.6496658428326038,0.6131067173960969,0.6493161630173779
3476,4.0,184.13149228975152,180.69707237913457,13.569505970732742,13.442361116230087,-0.26677888088219576,0.5822954366829408,0.4861887992546297,0.3823293598739373,0.5357298923359995,0.5519796616579447
3492,1.5333333015441895,578.4353466806416,287.97622651316243,24.0506828734787,16.969862300948776,-0.5903046703714866,-0.6628951212502047,0.6345368669740467,0.16308878045887729,-0.6383419615505188,0.629555346022623
3569,11.699999491373699,3477.14831351934,2787.7670477102697,58.9673495548116,52.79930915940349,0.6941624255807315,-0.6804441756787705,-0.6963914516910673,-0.693784649158109,-0.6954507419724719,-0.6942798633668238
3840,1.683333396911621,116.6465444319415,83.29812624194915,10.800302978710436,9.126780716219118,-0.6348798122884947,-0.6876759361809026,0.6383074348944473,0.33113625568877625,0.4272267848859756,0.22305813559639495
3857,13.350000063578287,1103.8482325282957,446.59976038501094,33.224211541108026,21.132907050025345,0.6888099966476443,0.08033494381224923,-0.6920835168578071,-0.6958303707058359,-0.6899734735465651,0.6673403973316117
4289,13.333333333333332,193.4348214197902,156.90426664916416,13.908084750237547,12.52614332702465,0.6833268017588897,0.6895887121092069,-0.6768919954560201,-0.6767312140286795,0.6387808190200219,-0.3834327745279489
4333,3.3500000635782876,600.5706070931642,292.1877248056364,24.506542128443257,17.09349948973692,0.6907924681303399,0.3776692245395354,-0.6880200516994706,-0.6909817476619089,-0.6845414699066559,-0.6001708880464389
4398,8.0,4700.224083619899,2787.0767441066596,68.55818028229672,52.7927717032044,0.07606811276115294,-0.6739534316466385,-0.6904593943693652,-0.5890616162535536,-0.6897009786320382,-0.06634950127921675
4481,6.5,551.4326250895233,453.8772683596798,23.482602604684246,21.30439551734993,0.6819603942253497,0.6626831163788894,0.5915948368537308,-0.5666544328570698,0.6259729068373624,0.6523668719760002
4729,0.8333333333333333,707.5347695874748,463.0197158041081,26.599525739897597,21.517892922033703,0.42585898898937286,-0.6929287935300417,-0.6957360287393036,-0.10026640402492355,-0.6949621597964154,-0.6936429815650383
5018,5.033333460489909,409.4386756791102,370.65445383275414,20.23459106775104,19.252388263089703,0.6421292736188235,0.6472561929816014,0.5627107462159976,-0.6308909825824653,0.6083618041975973,0.6405427354244012
5142,1.6666666666666665,627.3915042752357,487.18280175125386,25.047784418491702,22.07221787114412,0.6658190312929697,0.6511854187742635,0.6064810033746241,-0.6697894008241264,0.6300864125361355,0.6599053693323685
5497,3.333333333333333,333.91419956777753,109.04025035098745,18.273319336337817,10.442233973196897,0.6921889814153496,0.5696145863722679,-0.6618567090021105,-0.6855735520022936,-0.6596897547469609,0.6349711497023249
5626,5.0,357.7067135402242,263.7323119409121,18.913136004910033,16.23983718948291,0.6913523018157836,0.6808626274356626,-0.6709370885632934,-0.690365427783048,-0.5652276412310042,-0.6750995889423499
5634,1.683333396911621,373.1105006349513,304.37204571892033,19.316068456985526,17.446261654547094,0.40611821281741645,0.6316495535130033,0.5750019555578244,0.5593137091642097,0.5997036249656494,0.628862443251393
5670,3.3500000635782876,216.90370132758537,154.7494181433311,14.727650910025854,12.439831917808661,0.6371655712879551,0.6655694347506068,0.5814807096950659,0.2837975335654452,0.6005877538963637,0.6412127230016914
5983,5.333333333333333,351.32493024850646,310.0961564954207,18.74366373600707,17.609547310916902,0.6429465093109996,0.6383437597723534,0.5487420506218088,0.631305248388175,0.6002283852319917,0.6289067521988365
6292,4.166666666666667,525.2583921498407,385.30635289991403,22.91851636013642,19.6292219127482,0.6689144095138837,0.6475619347295731,0.6070139861238704,0.33824445274089715,0.6218012698166002,0.6507071847529109
