caseid,reason
3,ART coverage 0.00 < 0.5
14,ART coverage 0.00 < 0.5
16,ok
17,ok
19,ok
22,ok
29,ok
34,ok
50,ok
52,ok
55,ok
59,ok
60,ok
70,ok
83,ok
97,ok
101,ok
111,ok
118,ok
119,ok
124,ok
125,ok
137,ok
138,ok
140,ok
143,ok
156,ok
166,ok
172,ok
177,ok
180,ok
181,ok
195,ok
202,ok
203,ok
208,ok
210,ok
222,ok
229,ok
236,ok
237,ok
251,ok
261,ok
263,ok
268,ok
284,ok
286,ok
295,ok
302,ART coverage 0.00 < 0.5
306,ok
308,ok
309,ok
321,ok
326,ART coverage 0.00 < 0.5
330,ok
343,ok
345,ok
348,ok
351,ART coverage 0.00 < 0.5
363,ok
364,ok
369,ok
381,ART coverage 0.00 < 0.5
382,ok
383,ok
390,ok
397,ok
409,ok
424,ART coverage 0.00 < 0.5
442,ok
448,ok
449,ok
452,ok
466,ok
468,ok
476,ok
486,ok
489,ART coverage 0.00 < 0.5
490,ok
505,ok
512,ok
526,ok
544,ok
545,ok
553,ok
578,ART coverage 0.00 < 0.5
582,ok
584,ok
590,ok
629,ok
631,ok
641,ok
644,ok
655,ok
659,ok
663,ok
671,ok
673,ok
691,ok
706,ok
711,ok
722,ok
724,ART coverage 0.00 < 0.5
725,ok
734,ok
740,ok
742,ok
751,ok
779,ok
781,ok
783,ok
792,ok
794,ok
795,ok
800,ok
814,ok
817,ART coverage 0.00 < 0.5
818,ok
819,ok
822,ok
831,ok
843,ok
847,ok
853,ok
859,ok
866,ok
869,ok
872,ok
885,ok
886,ok
914,ART coverage 0.00 < 0.5
917,ok
920,ok
937,ok
947,ok
958,ok
963,ok
965,ART coverage 0.00 < 0.5
969,ok
976,ok
985,ok
986,ok
988,ok
997,ART coverage 0.00 < 0.5
1001,ok
1018,ok
1024,ART coverage 0.49 < 0.5
1025,ok
1026,ok
1027,ok
1028,ok
1029,ok
1030,ok
1032,ok
1034,ok
1036,ART coverage 0.00 < 0.5
1043,ok
1044,ok
1046,ok
1047,ok
1049,ok
1051,ok
1056,ok
1061,ok
1076,ok
1078,ok
1095,ok
1096,ok
1098,ok
1123,ok
1155,ART coverage 0.00 < 0.5
1160,ok
1165,ok
1166,ok
1167,ART coverage 0.00 < 0.5
1172,ok
1176,ok
1191,ok
1193,ok
1201,ok
1208,ok
1213,ok
1215,ok
1219,ok
1223,ART coverage 0.00 < 0.5
1225,ok
1230,ok
1232,ok
1239,ok
1249,ok
1256,ok
1267,ok
1277,ok
1281,ok
1283,ok
1286,ok
1292,ok
1293,ok
1298,ok
1302,ok
1307,ok
1311,ok
1321,ok
1323,ok
1325,ok
1335,ok
1339,ok
1350,ok
1365,ok
1367,ok
1369,ok
1396,ok
1407,ok
1416,ok
1428,ok
1450,ART coverage 0.00 < 0.5
1469,ok
1472,ok
1482,ok
1485,ok
1489,ok
1498,ok
1508,ART coverage 0.00 < 0.5
1512,ok
1523,ok
1527,ok
1539,ok
1540,ok
1542,ok
1553,ok
1558,ok
1564,ok
1568,ok
1585,ok
1586,ok
1597,ok
1600,ok
1602,ok
1613,ok
1614,ok
1623,ART coverage 0.34 < 0.5
1630,ok
1641,ok
1648,ok
1652,ok
1653,ART coverage 0.00 < 0.5
1656,ok
1657,ok
1662,ok
1672,ok
1674,ok
1677,ART coverage 0.00 < 0.5
1688,ok
1689,ok
1700,ok
1705,ok
1706,ok
1710,ok
1716,ok
1718,ok
1726,ok
1730,ok
1735,ok
1753,ok
1762,ok
1779,ok
1785,ok
1795,ART coverage 0.00 < 0.5
1802,ok
1804,ok
1805,ok
1809,ok
1820,ok
1826,ok
1834,ok
1852,ok
1855,ok
1863,ART coverage 0.00 < 0.5
1865,ok
1871,ART coverage 0.00 < 0.5
1891,ok
1894,ok
1896,ok
1897,ok
1900,ok
1901,ok
1912,ok
1921,ART coverage 0.00 < 0.5
1933,ok
1938,ok
1944,ok
1946,ART coverage 0.00 < 0.5
1959,ok
1966,ok
1968,ART coverage 0.00 < 0.5
1973,ok
1976,ok
1994,ok
1995,ok
2000,ok
2002,ok
2010,ok
2012,ok
2014,ok
2016,ok
2041,ok
2044,ok
2058,ok
2063,ok
2066,ok
2072,ok
2097,ok
2103,ART coverage 0.00 < 0.5
2106,ok
2124,ART coverage 0.00 < 0.5
2128,ok
2130,ok
2133,ok
2134,ok
2139,ok
2148,ok
2154,ok
2157,ok
2161,ok
2168,ok
2174,ok
2185,ok
2194,ok
2196,ok
2202,ok
2218,ok
2224,ok
2229,ok
2238,ok
2241,ok
2243,ok
2245,ART coverage 0.00 < 0.5
2248,ok
2252,ok
2267,ok
2273,ok
2282,ok
2296,ok
2299,ok
2304,ok
2314,ART coverage 0.00 < 0.5
2324,ok
2325,ok
2326,ok
2327,ok
2332,ok
2352,ok
2353,ok
2356,ok
2364,ok
2365,ok
2373,ok
2375,ok
2401,ok
2411,ok
2420,ok
2424,ok
2428,ok
2433,ok
2443,ok
2445,ok
2453,ok
2458,ok
2472,ok
2480,ok
2483,ART coverage 0.29 < 0.5
2493,ok
2495,ok
2504,ok
2507,ok
2513,ART coverage 0.00 < 0.5
2527,ok
2548,ART coverage 0.00 < 0.5
2549,ok
2573,ART coverage 0.00 < 0.5
2578,ok
2580,ok
2583,ok
2585,ok
2587,ok
2593,ok
2594,ok
2597,ok
2602,ok
2607,ok
2613,ok
2618,ok
2628,ok
2662,ok
2664,ok
2665,ok
2667,ok
2678,ok
2679,ok
2702,ART coverage 0.00 < 0.5
2711,ok
2716,ok
2733,ok
2735,ok
2738,ok
2742,ok
2746,ok
2747,ok
2751,ok
2775,ok
2778,ok
2779,ok
2801,ok
2835,ok
2837,ok
2839,ok
2850,ok
2851,ok
2854,ok
2857,ART coverage 0.00 < 0.5
2858,ok
2860,ok
2863,ok
2869,ART coverage 0.00 < 0.5
2872,ok
2888,ok
2890,ok
2895,ok
2900,ok
2914,ok
2922,ok
2930,ok
2931,ok
2943,ok
2945,ok
2946,ART coverage 0.00 < 0.5
2949,ok
2951,ok
2952,ok
2954,ok
2966,ok
2971,ok
2972,ok
2974,ok
2982,ok
2998,ok
3000,ok
3012,ART coverage 0.00 < 0.5
3015,ok
3023,ok
3028,ok
3050,ok
3053,ART coverage 0.13 < 0.5
3058,ok
3073,ART coverage 0.45 < 0.5
3074,ok
3085,ok
3093,ok
3094,ok
3098,ok
3103,ok
3106,ok
3113,ok
3121,ok
3125,ok
3130,ok
3145,ok
3146,ok
3148,ok
3149,ok
3150,ok
3167,ok
3170,ok
3176,ok
3189,ok
3190,ART coverage 0.00 < 0.5
3196,ok
3207,ART coverage 0.43 < 0.5
3216,ok
3223,ok
3229,ok
3232,ok
3248,ok
3249,ok
3258,ok
3267,ok
3270,ok
3287,ok
3291,ok
3296,ok
3300,ok
3303,ok
3311,ok
3312,ok
3315,ok
3321,ok
3325,ok
3328,ok
3330,ok
3348,ok
3359,ok
3370,ART coverage 0.00 < 0.5
3373,ok
3374,ok
3376,ok
3385,ok
3386,ART coverage 0.00 < 0.5
3398,ok
3407,ok
3413,ok
3418,ok
3431,ok
3435,ok
3436,ok
3447,ok
3449,ok
3450,ok
3455,ART coverage 0.00 < 0.5
3458,ok
3462,ok
3468,ok
3475,ok
3476,ok
3478,ok
3484,ART coverage 0.00 < 0.5
3488,ok
3489,ART coverage 0.00 < 0.5
3492,ok
3503,ok
3505,ok
3515,ok
3516,ok
3521,ok
3524,ok
3529,ok
3532,ok
3533,ok
3537,ok
3545,ok
3550,ok
3552,ART coverage 0.00 < 0.5
3555,ok
3561,ART coverage 0.00 < 0.5
3562,ok
3565,ok
3566,ok
3569,ok
3572,ok
3573,ok
3576,ok
3578,ok
3581,ok
3606,ok
3611,ok
3618,ok
3621,ok
3631,ok
3648,ok
3662,ok
3663,ok
3666,ok
3678,ok
3681,ok
3686,ok
3687,ok
3694,ok
3700,ok
3706,ok
3710,ok
3719,ok
3724,ok
3732,ok
3737,ok
3763,ok
3764,ok
3768,ok
3777,ok
3785,ok
3791,ok
3805,ok
3807,ART coverage 0.00 < 0.5
3808,ART coverage 0.00 < 0.5
3818,ok
3838,ART coverage 0.00 < 0.5
3840,ok
3842,ok
3844,ok
3846,ok
3849,ok
3857,ok
3863,ok
3879,ok
3886,ok
3887,ok
3889,ok
3890,ok
3893,ok
3895,ok
3902,ok
3904,ok
3930,ok
3950,ok
3967,ok
3972,ok
3973,ok
3975,ok
3980,ok
3989,ok
3991,ok
3992,ART coverage 0.00 < 0.5
3994,ok
3996,ART coverage 0.00 < 0.5
3998,ok
4000,ok
4011,ok
4012,ok
4021,ok
4024,ok
4027,ok
4033,ok
4036,ok
4039,ART coverage 0.00 < 0.5
4040,ok
4042,ok
4050,ok
4060,ok
4091,ok
4098,ok
4109,ok
4133,ok
4140,ok
4150,ok
4168,ART coverage 0.16 < 0.5
4170,ok
4172,ok
4179,ok
4186,ok
4189,ok
4195,ok
4199,ART coverage 0.00 < 0.5
4206,ok
4207,ok
4211,ok
4214,ok
4233,ok
4236,ok
4237,ok
4242,ok
4252,ok
4255,ok
4258,ok
4259,ok
4272,ok
4279,ok
4282,ok
4283,ok
4286,ok
4289,ok
4299,ok
4302,ok
4305,ok
4310,ok
4311,ok
4320,ok
4333,ok
4341,ok
4356,ok
4362,ok
4368,ok
4371,ok
4375,ok
4382,ok
4383,ok
4398,ok
4417,ok
4432,ok
4433,ok
4449,ok
4462,ok
4475,ok
4476,ok
4478,ok
4480,ok
4481,ok
4496,ok
4498,ok
4510,ok
4515,ok
4519,ok
4522,ok
4540,ok
4547,ok
4549,ok
4558,ok
4559,ok
4567,ART coverage 0.00 < 0.5
4576,ok
4581,ok
4599,ok
4604,ok
4605,ok
4609,ok
4612,ok
4617,ok
4621,ok
4644,ok
4646,ok
4650,ok
4652,ok
4657,ok
4658,ok
4666,ok
4673,ok
4682,ART coverage 0.00 < 0.5
4684,ok
4686,ok
4694,ok
4718,ok
4721,ok
4729,ok
4744,ok
4745,ok
4746,ok
4750,ok
4780,ok
4781,ok
4790,ok
4798,ok
4802,ok
4809,ok
4816,ok
4818,ok
4820,ok
4823,ok
4825,ok
4835,ok
4844,ok
4851,ok
4857,ok
4858,ok
4864,ok
4865,ok
4869,ok
4880,ok
4882,ok
4897,ok
4903,ok
4929,ok
4941,ok
4943,ok
4946,ok
4951,ok
4957,ok
4959,ok
4960,ok
4966,ok
4975,ok
4987,ok
4995,ok
4999,ok
5004,ok
5009,ART coverage 0.00 < 0.5
5010,ok
5018,ok
5019,ok
5023,ART coverage 0.00 < 0.5
5035,ok
5045,ok
5084,ok
5090,ok
5091,ok
5099,ok
5109,ok
5127,ok
5135,ok
5137,ok
5140,ok
5142,ok
5146,ART coverage 0.00 < 0.5
5153,ok
5162,ok
5165,ART coverage 0.00 < 0.5
5178,ok
5179,ok
5182,ok
5185,ok
5214,ok
5222,ok
5226,ok
5229,ok
5230,ok
5232,ok
5246,ok
5251,ok
5258,ok
5270,ok
5271,ok
5278,ok
5296,ok
5304,ok
5305,ok
5308,ok
5309,ok
5314,ok
5317,ok
5319,ok
5324,ok
5332,ok
5346,ART coverage 0.20 < 0.5
5347,ok
5349,ok
5360,ok
5379,ok
5382,ART coverage 0.00 < 0.5
5394,ok
5403,ok
5407,ART coverage 0.00 < 0.5
5422,ok
5423,ok
5425,ok
5428,ok
5435,ART coverage 0.00 < 0.5
5439,ok
5442,ok
5453,ok
5463,ok
5467,ok
5480,ok
5486,ok
5497,ok
5501,ok
5508,ok
5509,ok
5515,ok
5519,ok
5520,ok
5528,ART coverage 0.00 < 0.5
5546,ok
5556,ok
5561,ok
5566,ok
5569,insufficient propofol (0.0 min)
5574,ok
5578,ok
5583,ok
5585,ok
5595,ok
5607,ok
5613,ok
5614,ok
5618,ok
5621,ok
5626,ok
5628,ART coverage 0.00 < 0.5
5634,ok
5637,ok
5642,ok
5665,ok
5669,ok
5670,ok
5671,ok
5675,ok
5677,ok
5682,ok
5684,ok
5687,ok
5690,ok
5693,ok
5696,ok
5697,ART coverage 0.00 < 0.5
5715,ok
5724,ok
5729,ok
5735,ART coverage 0.00 < 0.5
5749,ok
5750,ok
5751,ok
5769,ok
5777,ok
5782,ok
5788,ok
5809,ok
5816,ok
5834,ok
5837,ok
5840,ok
5842,ok
5844,ok
5855,ART coverage 0.00 < 0.5
5859,ok
5866,ok
5867,ART coverage 0.00 < 0.5
5870,ok
5871,ok
5873,ok
5888,ok
5895,ok
5914,ok
5928,ok
5936,ok
5937,ok
5946,ok
5964,ok
5976,ok
5979,ART coverage 0.00 < 0.5
5981,ok
5983,ok
5989,ok
6000,ok
6002,ART coverage 0.00 < 0.5
6009,ok
6011,ART coverage 0.00 < 0.5
6017,ok
6020,ok
6027,ok
6029,ok
6032,ok
6037,ok
6039,ok
6042,ok
6050,ART coverage 0.00 < 0.5
6053,ok
6059,ok
6061,ok
6074,ok
6089,ok
6090,ART coverage 0.00 < 0.5
6099,ok
6101,ok
6104,ok
6114,ok
6119,ok
6121,ok
6126,ok
6127,ok
6140,ok
6147,ok
6148,ART coverage 0.00 < 0.5
6152,ok
6163,ok
6180,ok
6184,ok
6185,ok
6186,ok
6196,ok
6210,ok
6220,ok
6222,ART coverage 0.00 < 0.5
6227,ok
6233,ok
6234,ART coverage 0.00 < 0.5
6241,ok
6254,ok
6257,ok
6259,ok
6262,ok
6264,ok
6269,ok
6275,ok
6277,ok
6280,ok
6284,ok
6286,ok
6292,ok
6293,ok
6296,ok
6297,ok
6305,ok
6330,ok
6345,ok
6346,ok
6351,ok
6354,ART coverage 0.00 < 0.5
6355,ok
6357,ok
6359,ok
6368,ok
6381,ok
6383,ok
